"HAMMER","","","","","","","","","38","14","","","Men's #","","",""
"Name","","","","","","","","","","","","","Women's #","","",""
"Josh Michels","1","10","30","30","40","","","110","20","1000","1000","","Scoring Notes","","",""
"Landon Davis","2","10","30","20","40","","","100","27","1000","1000","","Bottom 1/2 = YELLOW","","",""
"Mark Davis","3","0","30","","","","","30","52","1000","1000","","Top 10 = GREEN","","",""
"Kole Davis","4","30","20","20","20","","","90","34","1000","1000","","Top 3 = TEAL","","",""
"Shawn Freund","5","30","30","50","20","60","","190","7","1000","1000","","","","",""
"Payden Salm","6","30","10","30","30","","","100","27","1000","1000","","","","",""
"Mark Pitcher","7","30","30","20","10","","","90","34","1000","1000","","","","",""
"Kyle wagner","8","20","20","40","0","","","80","41","1000","1000","","","","",""
"Tim Whitty","9","10","30","10","30","","","80","41","1000","1000","","","","",""
"","10","","","","","","","0","1000","1000","1000","","","","",""
"Adam Runge","11","10","10","","","","","20","59","1000","1000","","","","",""
"Peter Reis","12","20","30","20","40","","","110","20","1000","1000","","","","",""
"Zack Pendowski","13","20","30","30","40","","","120","14","1000","1000","","","","",""
"Zack Todd","14","0","50","30","30","","","110","20","1000","1000","","","","",""
"Joseph Nedvidek","15","20","20","20","30","","","90","34","1000","1000","","","","",""
"James Kinsey","16","20","20","0","30","","","70","44","1000","1000","","","","",""
"Kody Koltz","17","0","20","","","","","20","59","1000","1000","","","","",""
"Shawn StMary","18","20","40","30","40","60","","190","7","1000","1000","","","","",""
"Nick Puddy","19","20","0","","","","","20","59","1000","1000","","","","",""
"Danny Rivers","20","0","20","","","","","20","59","1000","1000","","","","",""
"Adam telian","21","50","50","30","40","100","","270","2","1000","1000","","","","",""
"","22","","","","","","","0","1000","1000","1000","","","","",""
"Tyler Oestreich","23","40","20","50","30","20","","160","12","1000","1000","","","","",""
"Jake Kattner","24","20","20","30","20","","","90","34","1000","1000","","","","",""
"Tyler Guell","25","20","30","20","30","","","100","27","1000","1000","","","","",""
"Sean Jones","26","10","0","","","","","10","69","1000","1000","","","","",""
"Ryan Vallesky","27","0","0","","","","","0","70","1000","1000","","","","",""
"Chandler Johnson","28","30","20","10","50","","","110","20","1000","1000","","","","",""
"Tony Johnson","29","20","0","","","","","20","59","1000","1000","","","","",""
"Ben Montez","30","30","20","50","20","","","120","14","1000","1000","","","","",""
"Brent Capelle","31","10","40","40","10","","","100","27","1000","1000","","","","",""
"Matt Piotrzkowski","32","50","30","10","30","","","120","14","1000","1000","","","","",""
"Jonathon Hauschild","33","0","20","","","","","20","59","1000","1000","","","","",""
"Joe Domask","34","50","40","10","20","","","120","14","1000","1000","","","","",""
"Wade Plautz","35","0","0","","","","","0","70","1000","1000","","","","",""
"Alan Drake","36","30","10","20","10","","","70","44","1000","1000","","","","",""
"Bill Baus","37","20","30","20","30","","","100","27","1000","1000","","","","",""
"Chris Vitton","38","50","30","30","30","40","","180","11","1000","1000","","","","",""
"Grant Lepley","39","20","20","30","20","","","90","34","1000","1000","","","","",""
"Julian Perez","40","20","20","30","0","","","70","44","1000","1000","","","","",""
"Tyler Messenger","41","10","20","","","","","30","52","1000","1000","","","","",""
"Ron Odekirk","42","20","30","0","0","","","50","50","1000","1000","","","","",""
"Jason Zellner","43","20","20","50","30","","","120","14","1000","1000","","","","",""
"Justus Trewin","44","20","30","30","30","","","110","20","1000","1000","","","","",""
"Scotty","45","0","20","","","","","20","59","1000","1000","","","","",""
"David Hesson","46","40","20","","","","","60","49","1000","1000","","","","",""
"Randy Rupp","47","50","30","30","50","60","","220","5","1000","1000","","","","",""
"Travis Lindsley","48","20","30","40","50","60","","200","6","1000","1000","","","","",""
"Adam Rupp","49","0","0","","","","","0","70","1000","1000","","","","",""
"Henry Guell","50","40","30","30","30","60","","190","7","1000","1000","","","","",""
"Ryan Landgren","51","10","20","","","","","30","52","1000","1000","","","","",""
"Jacob McCarty","52","0","0","","","","","0","70","1000","1000","","","","",""
"Ben Rosenblatt","53","30","50","30","50","100","","260","3","1000","1000","","","","",""
"Luke Gellings","54","10","30","20","20","","","80","41","1000","1000","","","","",""
"Divontae Casto","55","20","0","","","","","20","59","1000","1000","","","","",""
"Christopher Zielieke","56","30","40","50","30","120","","270","1","1000","1000","","","","",""
"Craig Biesik","57","30","30","10","30","","","100","27","1000","1000","","","","",""
"Mike Zahn","58","0","30","","","","","30","52","1000","1000","","","","",""
"","59","","","","","","","0","1000","1000","1000","","","","",""
"Kyle Hoopai","60","0","50","20","0","","","70","44","1000","1000","","","","",""
"","61","","","","","","","0","1000","1000","1000","","","","",""
"Chris Goldbach","62","30","20","20","20","","","90","34","1000","1000","","","","",""
"Tanner St Mary","63","40","50","30","30","40","","190","7","1000","1000","","","","",""
"Kyle Koltz","64","20","20","40","20","","","100","27","1000","1000","","","","",""
"Nate Barrington","65","0","20","","","","","20","59","1000","1000","","","","",""
"Crow Strizek","66","20","30","30","30","","","110","20","1000","1000","","","","",""
"Jake Blatz","67","60","0","50","40","100","","250","4","1000","1000","","","","",""
"Alex Henschel","68","20","0","","","","","20","59","1000","1000","","","","",""
"Nick Heintz","69","20","40","10","40","","20","130","13","1000","1000","","","","",""
"David Nestingen-Palm","70","30","0","","","","","30","52","1000","1000","","","","",""
"Keegan Collien","71","30","0","","","","","30","52","1000","1000","","","","",""
"Tyler Briggs","72","30","20","30","30","","","110","20","1000","1000","","","","",""
"Sam Merkel","73","20","20","20","30","","","90","34","1000","1000","","","","",""
"Gabe Goebel","74","20","10","","","","","30","52","1000","1000","","","","",""
"Kevin Blatz","75","40","0","50","30","","","120","14","1000","1000","","","","",""
"Corey Wiedmeyer","76","0","0","","","","","0","70","1000","1000","","","","",""
"James Berghammer","77","20","20","10","0","","","50","50","1000","1000","","","","",""
"Alex Seibel","78","20","40","10","0","","","70","44","1000","1000","","","","",""
"","79","","","","","","","0","1000","1000","1000","","","","",""
"","80","","","","","","","0","1000","1000","1000","","","","",""
"","81","","","","","","","0","1000","1000","1000","","","","",""
"","82","","","","","","","0","1000","1000","1000","","","","",""
"","83","","","","","","","0","1000","1000","1000","","","","",""
"","84","","","","","","","0","1000","1000","1000","","","","",""
"","85","","","","","","","0","1000","1000","1000","","","","",""
"","86","","","","","","","0","1000","1000","1000","","","","",""
"","87","","","","","","","0","1000","1000","1000","","","","",""
"","88","","","","","","","0","1000","1000","1000","","","","",""
"","89","","","","","","","0","1000","1000","1000","","","","",""
"","90","","","","","","","0","1000","1000","1000","","","","",""
"Darcell  Salm","91","40","10","20","30","","60","160","1000","1000","1","","","","",""
"Bruce Kehler","92","","","","","","","0","1000","1000","4","","","","",""
"Brent Trewin","93","30","10","0","0","","20","60","1000","1000","3","","","","",""
"Glenn Oestreich","94","30","30","30","30","","","120","1000","1000","2","","","","",""
"","95","","","","","","","0","1000","1000","1000","","","","",""
"","96","","","","","","","0","1000","1000","1000","","","","",""
"","97","","","","","","","0","1000","1000","1000","","","","",""
"","98","","","","","","","0","1000","1000","1000","","","","",""
"","99","","","","","","","0","1000","1000","1000","","","","",""
"","100","","","","","","","0","1000","1000","1000","","","","",""
"Michelle Telian","101","30","20","10","40","","","100","1000","11","1000","","","","",""
"Katie Trewin","102","30","30","10","40","","","110","1000","8","1000","","","","",""
"Nikole Davis","103","20","50","20","30","","","120","1000","6","1000","","","","",""
"Emma Davis","104","30","50","30","50","","120","280","1000","1","1000","","","","",""
"","105","","","","","","","0","1000","1000","1000","","","","",""
"Hannah Wagner","106","20","20","","","","","40","1000","18","1000","","","","",""
"Ashley Briggs","107","30","0","","","","","30","1000","23","1000","","","","",""
"Crystal Rivers","108","30","50","10","40","","20","150","1000","5","1000","","","","",""
"Jordyn Maxwell","109","10","50","20","10","","","90","1000","13","1000","","","","",""
"Lauren Beekman","110","30","50","30","20","","100","230","1000","3","1000","","","","",""
"Taylor Liebenow","111","20","30","40","20","","","110","1000","8","1000","","","","",""
"jill zimdahl","112","20","20","","","","","40","1000","18","1000","","","","",""
"Elizabeth Russart","113","10","30","","","","","40","1000","18","1000","","","","",""
"Jaylah Montez","114","40","0","","","","","40","1000","18","1000","","","","",""
"Maeghan Michels","115","30","30","40","30","","60","190","1000","4","1000","","","","",""
"Tonya Robinson","116","20","50","10","40","","","120","1000","6","1000","","","","",""
"Andi Merbach","117","30","30","10","20","","","90","1000","13","1000","","","","",""
"Jess Hesson","118","20","30","","","","","50","1000","17","1000","","","","",""
"Shelley Odekirk","119","0","0","","","","","0","1000","28","1000","","","","",""
"Lexy Schelvan","120","0","30","","","","","30","1000","23","1000","","","","",""
"Shayna Vitton","121","30","0","","","","","30","1000","23","1000","","","","",""
"Allie Rosenblatt","122","30","30","30","20","","","110","1000","8","1000","","","","",""
"","123","","","","","","","0","1000","1000","1000","","","","",""
"Becca Schumacher","124","20","10","","","","","30","1000","23","1000","","","","",""
"Jessica Barrington","125","20","30","20","0","","","70","1000","15","1000","","","","",""
"Claire Oderkirk","126","10","30","","","","","40","1000","18","1000","","","","",""
"Danielle Zielieke","127","","","","","","","0","1000","28","1000","","","","",""
"Samantha Salm","128","30","30","50","30","","100","240","1000","2","1000","","","","",""
"Tanya St Mary","129","0","50","30","20","","","100","1000","11","1000","","","","",""
"Katie Oestreich","130","20","0","","","","","20","1000","27","1000","","","","",""
"Alexa Todd","131","0","0","","","","","0","1000","28","1000","","","","",""
"Amber St. Mary","132","50","20","0","0","","","70","1000","15","1000","","","","",""
"","133","","","","","","","0","1000","1000","1000","","","","",""
"","134","","","","","","","0","1000","1000","1000","","","","",""
"","135","","","","","","","0","1000","1000","1000","","","","",""
"","136","","","","","","","0","1000","1000","1000","","","","",""
"","137","","","","","","","0","1000","1000","1000","","","","",""
"","138","","","","","","","0","1000","1000","1000","","","","",""
"","139","","","","","","","0","1000","1000","1000","","","","",""
"","140","","","","","","","0","1000","1000","1000","","","","",""
"","141","","","","","","","0","1000","1000","1000","","","","",""
"","142","","","","","","","0","1000","1000","1000","","","","",""
"","143","","","","","","","0","1000","1000","1000","","","","",""
"","144","","","","","","","0","1000","1000","1000","","","","",""
"","145","","","","","","","0","1000","1000","1000","","","","",""
"","146","","","","","","","0","1000","1000","1000","","","","",""
"","147","","","","","","","0","1000","1000","1000","","","","",""
"","148","","","","","","","0","1000","1000","1000","","","","",""
"","149","","","","","","","0","1000","1000","1000","","","","",""
"","150","","","","","","","0","1000","1000","1000","","","","",""